product_id_public,canonical_product_id,product_label_en,translation_status_public,sensitive_label,privacy_flags
P0001,P0001,Product P0001,redacted_sensitive_review_required,True,contains_date|possible_person_name
P0002,P0002,Product P0002,redacted_sensitive_review_required,True,contains_date|possible_person_name
P0003,P0003,Product P0003,translation_pending,False,
P0004,P0004,Product P0004,translation_pending,False,
P0005,P0005,Product P0005,translation_pending,False,
P0006,P0006,Product P0006,redacted_sensitive_review_required,True,contains_date|possible_person_name|possible_private_event
P0007,P0007,Product P0007,translation_pending,False,
P0008,P0008,Product P0008,translation_pending,False,
P0009,P0009,"Borsec sparkling mineral water, 750 ml",reviewed,False,
P0010,P0010,Product P0010,translation_pending,False,
P0011,P0011,Product P0011,translation_pending,False,
P0012,P0012,Product P0012,translation_pending,False,
P0013,P0013,Product P0013,translation_pending,False,
P0014,P0014,Product P0014,translation_pending,False,
P0015,P0015,Product P0015,translation_pending,False,
P0016,P0016,Product P0016,translation_pending,False,
P0017,P0017,Product P0017,translation_pending,False,
P0018,P0018,"Hot pepper, 1 pc.",reviewed,False,
P0019,P0019,Product P0019,translation_pending,False,
P0020,P0020,Product P0020,translation_pending,False,
P0021,P0021,Product P0021,translation_pending,False,
P0022,P0022,Product P0022,translation_pending,False,
P0023,P0023,Product P0023,translation_pending,False,
P0024,P0024,Product P0024,translation_pending,False,
P0025,P0025,Product P0025,translation_pending,False,
P0026,P0026,Product P0026,translation_pending,False,
P0027,P0027,Product P0027,translation_pending,False,
P0028,P0028,Product P0028,translation_pending,False,
P0029,P0029,Product P0029,translation_pending,False,
P0030,P0030,Product P0030,translation_pending,False,
P0031,P0031,Product P0031,translation_pending,False,
P0032,P0032,Product P0032,translation_pending,False,
P0033,P0033,Product P0033,translation_pending,False,
P0034,P0034,Product P0034,translation_pending,False,
P0035,P0035,Product P0035,translation_pending,False,
P0036,P0036,Product P0036,translation_pending,False,
P0037,P0037,Product P0037,translation_pending,False,
P0038,P0038,Product P0038,translation_pending,False,
P0039,P0039,Product P0039,translation_pending,False,
P0040,P0040,Product P0040,translation_pending,False,
P0041,P0041,Product P0041,translation_pending,False,
P0042,P0042,Product P0042,translation_pending,False,
P0043,P0043,Product P0043,translation_pending,False,
P0044,P0044,Product P0044,translation_pending,False,
P0045,P0045,Product P0045,translation_pending,False,
P0046,P0046,Product P0046,translation_pending,False,
P0047,P0047,Product P0047,translation_pending,False,
P0048,P0048,Product P0048,translation_pending,False,
P0049,P0049,Product P0049,translation_pending,False,
P0050,P0050,Product P0050,translation_pending,False,
P0051,P0051,Product P0051,translation_pending,False,
P0052,P0052,Product P0052,translation_pending,False,
P0053,P0053,Product P0053,translation_pending,False,
P0054,P0054,Product P0054,translation_pending,False,
P0055,P0055,Product P0055,translation_pending,False,
P0056,P0056,Product P0056,translation_pending,False,
P0057,P0057,Product P0057,translation_pending,False,
P0058,P0058,Product P0058,translation_pending,False,
P0059,P0059,Product P0059,translation_pending,False,
P0060,P0060,Product P0060,translation_pending,False,
P0061,P0061,Product P0061,translation_pending,False,
P0062,P0062,Product P0062,translation_pending,False,
P0063,P0063,Product P0063,translation_pending,False,
P0064,P0064,Product P0064,translation_pending,False,
P0065,P0065,Product P0065,translation_pending,False,
P0066,P0066,Product P0066,translation_pending,False,
P0067,P0067,Product P0067,translation_pending,False,
P0068,P0068,Product P0068,translation_pending,False,
P0069,P0069,Product P0069,translation_pending,False,
P0070,P0070,"Caru' cu Flori potatoes, 180 g",reviewed,False,
P0071,P0071,Product P0071,translation_pending,False,
P0072,P0072,"French fries, 180 g",reviewed,False,
P0073,P0073,Product P0073,translation_pending,False,
P0074,P0074,Product P0074,translation_pending,False,
P0075,P0075,Product P0075,translation_pending,False,
P0076,P0076,"Grilled pork neck, 150 g",reviewed,False,
P0077,P0077,Product P0077,translation_pending,False,
P0078,P0078,Product P0078,translation_pending,False,
P0079,P0079,Product P0079,translation_pending,False,
P0080,P0080,Product P0080,translation_pending,False,
P0081,P0081,Product P0081,translation_pending,False,
P0082,P0082,"Tripe soup, 300/100 g",reviewed,False,
P0083,P0083,Product P0083,translation_pending,False,
P0084,P0084,Product P0084,translation_pending,False,
P0085,P0085,Product P0085,translation_pending,False,
P0086,P0086,Product P0086,translation_pending,False,
P0087,P0087,Product P0087,translation_pending,False,
P0088,P0088,Product P0088,translation_pending,False,
P0089,P0089,Product P0089,translation_pending,False,
P0090,P0090,Product P0090,translation_pending,False,
P0091,P0091,Product P0091,translation_pending,False,
P0092,P0092,Product P0092,translation_pending,False,
P0093,P0093,Product P0093,translation_pending,False,
P0094,P0094,Product P0094,translation_pending,False,
P0095,P0095,Product P0095,translation_pending,False,
P0096,P0096,Product P0096,translation_pending,False,
P0097,P0097,Product P0097,translation_pending,False,
P0098,P0098,Product P0098,translation_pending,False,
P0099,P0099,Product P0099,translation_pending,False,
P0100,P0100,Product P0100,translation_pending,False,
P0101,P0101,Product P0101,translation_pending,False,
P0102,P0102,Product P0102,translation_pending,False,
P0103,P0103,Product P0103,translation_pending,False,
P0104,P0104,Product P0104,translation_pending,False,
P0105,P0105,Product P0105,translation_pending,False,
P0106,P0106,Product P0106,translation_pending,False,
P0107,P0107,Product P0107,translation_pending,False,
P0108,P0108,Product P0108,translation_pending,False,
P0109,P0109,Product P0109,translation_pending,False,
P0110,P0110,Product P0110,translation_pending,False,
P0111,P0111,Product P0111,translation_pending,False,
P0112,P0112,Product P0112,translation_pending,False,
P0113,P0113,Product P0113,translation_pending,False,
P0114,P0114,Product P0114,translation_pending,False,
P0115,P0115,Product P0115,translation_pending,False,
P0116,P0116,Product P0116,translation_pending,False,
P0117,P0117,Product P0117,translation_pending,False,
P0118,P0118,Product P0118,translation_pending,False,
P0119,P0119,Product P0119,translation_pending,False,
P0120,P0120,Product P0120,translation_pending,False,
P0121,P0121,Product P0121,translation_pending,False,
P0122,P0122,Product P0122,translation_pending,False,
P0123,P0123,Product P0123,translation_pending,False,
P0124,P0124,Product P0124,translation_pending,False,
P0125,P0125,Product P0125,translation_pending,False,
P0126,P0126,Product P0126,translation_pending,False,
P0127,P0127,Product P0127,translation_pending,False,
P0128,P0128,Product P0128,translation_pending,False,
P0129,P0129,Product P0129,translation_pending,False,
P0130,P0130,Product P0130,translation_pending,False,
P0131,P0131,Product P0131,translation_pending,False,
P0132,P0132,Product P0132,translation_pending,False,
P0133,P0133,Product P0133,translation_pending,False,
P0134,P0134,Product P0134,translation_pending,False,
P0135,P0135,Product P0135,translation_pending,False,
P0136,P0136,Product P0136,translation_pending,False,
P0137,P0137,Product P0137,translation_pending,False,
P0138,P0138,Product P0138,translation_pending,False,
P0139,P0139,Product P0139,translation_pending,False,
P0140,P0140,Product P0140,translation_pending,False,
P0141,P0141,Product P0141,translation_pending,False,
P0142,P0142,Product P0142,translation_pending,False,
P0143,P0143,Product P0143,redacted_sensitive_review_required,True,contains_date
P0144,P0144,Product P0144,translation_pending,False,
P0145,P0145,Product P0145,translation_pending,False,
P0146,P0146,Product P0146,redacted_sensitive_review_required,True,possible_private_event
P0147,P0147,Product P0147,translation_pending,False,
P0148,P0148,Product P0148,translation_pending,False,
P0149,P0149,"Beck's draught beer, 0.4 L",reviewed,False,
P0150,P0150,Product P0150,translation_pending,False,
P0151,P0151,Product P0151,translation_pending,False,
P0152,P0152,"Stella Artois draught beer, 0.4 L",reviewed,False,
P0153,P0153,Product P0153,translation_pending,False,
P0154,P0154,Product P0154,translation_pending,False,
P0155,P0155,Product P0155,translation_pending,False,
P0156,P0156,Product P0156,translation_pending,False,
P0157,P0157,Product P0157,translation_pending,False,
P0158,P0158,Product P0158,translation_pending,False,
P0159,P0159,Product P0159,translation_pending,False,
P0160,P0160,Product P0160,translation_pending,False,
P0161,P0161,Product P0161,translation_pending,False,
P0162,P0162,Product P0162,translation_pending,False,
P0163,P0163,Product P0163,translation_pending,False,
P0164,P0164,Product P0164,translation_pending,False,
P0165,P0165,"Honey lemonade, 500 ml",reviewed,False,
P0166,P0166,Product P0166,translation_pending,False,
P0167,P0167,Product P0167,translation_pending,False,
P0168,P0168,Product P0168,redacted_sensitive_review_required,True,contains_date|event_menu_code
P0169,P0169,Product P0169,translation_pending,False,
P0170,P0170,Product P0170,translation_pending,False,
P0171,P0171,Product P0171,translation_pending,False,
P0172,P0172,Product P0172,translation_pending,False,
P0173,P0173,Product P0173,translation_pending,False,
P0174,P0174,Product P0174,translation_pending,False,
P0175,P0175,Product P0175,translation_pending,False,
P0176,P0176,Product P0176,translation_pending,False,
P0177,P0177,Product P0177,translation_pending,False,
P0178,P0178,Product P0178,translation_pending,False,
P0179,P0179,Product P0179,redacted_sensitive_review_required,True,contains_date|event_menu_code
P0180,P0180,Product P0180,redacted_sensitive_review_required,True,contains_date|event_menu_code
P0181,P0181,Product P0181,redacted_sensitive_review_required,True,contains_date|event_menu_code
P0182,P0182,Product P0182,redacted_sensitive_review_required,True,contains_date|event_menu_code
P0183,P0183,Product P0183,redacted_sensitive_review_required,True,contains_date|event_menu_code|possible_private_event
P0184,P0184,Product P0184,redacted_sensitive_review_required,True,contains_date|event_menu_code
P0185,P0185,Product P0185,redacted_sensitive_review_required,True,contains_date|event_menu_code
P0186,P0186,Product P0186,redacted_sensitive_review_required,True,contains_date|event_menu_code|possible_private_event
P0187,P0187,Product P0187,redacted_sensitive_review_required,True,contains_date|event_menu_code
P0188,P0188,Product P0188,redacted_sensitive_review_required,True,contains_date|event_menu_code
P0189,P0189,Product P0189,redacted_sensitive_review_required,True,contains_date|event_menu_code|possible_private_event
P0190,P0190,Product P0190,redacted_sensitive_review_required,True,contains_date|event_menu_code
P0191,P0191,Product P0191,redacted_sensitive_review_required,True,contains_date|event_menu_code
P0192,P0192,Product P0192,redacted_sensitive_review_required,True,contains_date|event_menu_code|possible_private_event
P0193,P0193,Product P0193,redacted_sensitive_review_required,True,contains_date|event_menu_code
P0194,P0194,Product P0194,redacted_sensitive_review_required,True,contains_date|event_menu_code
P0195,P0195,Product P0195,redacted_sensitive_review_required,True,contains_date|event_menu_code
P0196,P0196,Product P0196,redacted_sensitive_review_required,True,contains_date|event_menu_code
P0197,P0197,Product P0197,redacted_sensitive_review_required,True,contains_date|event_menu_code
P0198,P0198,Product P0198,redacted_sensitive_review_required,True,contains_date|event_menu_code
P0199,P0199,Product P0199,redacted_sensitive_review_required,True,contains_date|event_menu_code|possible_private_event
P0200,P0200,Product P0200,redacted_sensitive_review_required,True,contains_date|event_menu_code
P0201,P0201,Product P0201,redacted_sensitive_review_required,True,contains_date|event_menu_code|possible_private_event
P0202,P0202,Product P0202,redacted_sensitive_review_required,True,contains_date|event_menu_code
P0203,P0203,Product P0203,redacted_sensitive_review_required,True,contains_date|event_menu_code
P0204,P0204,Product P0204,redacted_sensitive_review_required,True,contains_date|event_menu_code|possible_private_event
P0205,P0205,Product P0205,redacted_sensitive_review_required,True,contains_date|event_menu_code
P0206,P0206,Product P0206,redacted_sensitive_review_required,True,contains_date|event_menu_code
P0207,P0207,Product P0207,redacted_sensitive_review_required,True,contains_date|event_menu_code|possible_private_event
P0208,P0208,Product P0208,redacted_sensitive_review_required,True,contains_date|event_menu_code
P0209,P0209,Product P0209,redacted_sensitive_review_required,True,contains_date|event_menu_code
P0210,P0210,Product P0210,redacted_sensitive_review_required,True,contains_date|event_menu_code|possible_private_event
P0211,P0211,Product P0211,redacted_sensitive_review_required,True,contains_date|event_menu_code
P0212,P0212,Product P0212,redacted_sensitive_review_required,True,contains_date|event_menu_code|possible_private_event
P0213,P0213,Product P0213,redacted_sensitive_review_required,True,contains_date|event_menu_code
P0214,P0214,Product P0214,redacted_sensitive_review_required,True,contains_date|event_menu_code
P0215,P0215,Product P0215,redacted_sensitive_review_required,True,contains_date|event_menu_code
P0216,P0216,Product P0216,redacted_sensitive_review_required,True,contains_date|event_menu_code|possible_private_event
P0217,P0217,Product P0217,redacted_sensitive_review_required,True,contains_date|event_menu_code|possible_private_event
P0218,P0218,Product P0218,redacted_sensitive_review_required,True,contains_date|event_menu_code
P0219,P0219,Product P0219,redacted_sensitive_review_required,True,contains_date|event_menu_code|possible_private_event
P0220,P0220,Product P0220,redacted_sensitive_review_required,True,contains_date|event_menu_code
P0221,P0221,Product P0221,redacted_sensitive_review_required,True,contains_date|event_menu_code
P0222,P0222,Product P0222,redacted_sensitive_review_required,True,contains_date|event_menu_code|possible_private_event
P0223,P0223,Product P0223,redacted_sensitive_review_required,True,contains_date|event_menu_code
P0224,P0224,Product P0224,redacted_sensitive_review_required,True,contains_date|event_menu_code|possible_private_event
P0225,P0225,Product P0225,redacted_sensitive_review_required,True,contains_date|event_menu_code|possible_private_event
P0226,P0226,Product P0226,redacted_sensitive_review_required,True,contains_date|event_menu_code
P0227,P0227,Product P0227,redacted_sensitive_review_required,True,contains_date|event_menu_code
P0228,P0228,Product P0228,redacted_sensitive_review_required,True,contains_date|event_menu_code
P0229,P0229,Product P0229,redacted_sensitive_review_required,True,contains_date|event_menu_code
P0230,P0230,Product P0230,redacted_sensitive_review_required,True,contains_date|event_menu_code|possible_private_event
P0231,P0231,Product P0231,redacted_sensitive_review_required,True,contains_date|event_menu_code
P0232,P0232,Product P0232,redacted_sensitive_review_required,True,contains_date|event_menu_code
P0233,P0233,Product P0233,redacted_sensitive_review_required,True,contains_date|event_menu_code
P0234,P0234,Product P0234,redacted_sensitive_review_required,True,contains_date|event_menu_code|possible_private_event
P0235,P0235,Product P0235,redacted_sensitive_review_required,True,contains_date|event_menu_code
P0236,P0236,Product P0236,redacted_sensitive_review_required,True,contains_date|event_menu_code|possible_private_event
P0237,P0237,Product P0237,redacted_sensitive_review_required,True,contains_date|event_menu_code|possible_private_event
P0238,P0238,Product P0238,redacted_sensitive_review_required,True,contains_date|event_menu_code
P0239,P0239,Product P0239,redacted_sensitive_review_required,True,contains_date|event_menu_code
P0240,P0240,Product P0240,redacted_sensitive_review_required,True,contains_date|event_menu_code|possible_private_event
P0241,P0241,Product P0241,redacted_sensitive_review_required,True,contains_date|event_menu_code
P0242,P0242,Product P0242,redacted_sensitive_review_required,True,contains_date|event_menu_code|possible_private_event
P0243,P0243,Product P0243,redacted_sensitive_review_required,True,contains_date|event_menu_code
P0244,P0244,Product P0244,redacted_sensitive_review_required,True,contains_date|event_menu_code|possible_private_event
P0245,P0245,Product P0245,redacted_sensitive_review_required,True,contains_date|event_menu_code
P0246,P0246,Product P0246,redacted_sensitive_review_required,True,contains_date|event_menu_code
P0247,P0247,Product P0247,redacted_sensitive_review_required,True,contains_date|event_menu_code
P0248,P0248,Product P0248,redacted_sensitive_review_required,True,contains_date|event_menu_code
P0249,P0249,Product P0249,redacted_sensitive_review_required,True,contains_date|event_menu_code
P0250,P0250,Product P0250,redacted_sensitive_review_required,True,contains_date|event_menu_code
P0251,P0251,Product P0251,redacted_sensitive_review_required,True,contains_date|event_menu_code|possible_private_event
P0252,P0252,Product P0252,redacted_sensitive_review_required,True,contains_date|event_menu_code|possible_private_event
P0253,P0253,Product P0253,redacted_sensitive_review_required,True,contains_date|event_menu_code
P0254,P0254,Product P0254,redacted_sensitive_review_required,True,contains_date|event_menu_code|possible_private_event
P0255,P0255,Product P0255,redacted_sensitive_review_required,True,contains_date|event_menu_code
P0256,P0256,Product P0256,redacted_sensitive_review_required,True,contains_date|event_menu_code
P0257,P0257,Product P0257,redacted_sensitive_review_required,True,contains_date|event_menu_code|possible_private_event
P0258,P0258,Product P0258,redacted_sensitive_review_required,True,contains_date|event_menu_code
P0259,P0259,Product P0259,redacted_sensitive_review_required,True,contains_date|event_menu_code|possible_private_event
P0260,P0260,Product P0260,redacted_sensitive_review_required,True,contains_date|event_menu_code
P0261,P0261,Product P0261,redacted_sensitive_review_required,True,contains_date|event_menu_code
P0262,P0262,Product P0262,redacted_sensitive_review_required,True,contains_date|event_menu_code|possible_private_event
P0263,P0263,Product P0263,redacted_sensitive_review_required,True,contains_date|event_menu_code
P0264,P0264,Product P0264,redacted_sensitive_review_required,True,contains_date|event_menu_code
P0265,P0265,Product P0265,redacted_sensitive_review_required,True,contains_date|event_menu_code
P0266,P0266,Product P0266,redacted_sensitive_review_required,True,contains_date|event_menu_code
P0267,P0267,Product P0267,redacted_sensitive_review_required,True,contains_date|event_menu_code
P0268,P0268,Product P0268,redacted_sensitive_review_required,True,contains_date|event_menu_code|possible_private_event
P0269,P0269,Product P0269,redacted_sensitive_review_required,True,contains_date|event_menu_code
P0270,P0270,Product P0270,redacted_sensitive_review_required,True,contains_date|event_menu_code|possible_private_event
P0271,P0271,Product P0271,redacted_sensitive_review_required,True,contains_date|event_menu_code
P0272,P0272,Product P0272,redacted_sensitive_review_required,True,contains_date|event_menu_code
P0273,P0273,Product P0273,redacted_sensitive_review_required,True,contains_date|event_menu_code|possible_private_event
P0274,P0274,Product P0274,redacted_sensitive_review_required,True,contains_date|event_menu_code
P0275,P0275,Product P0275,redacted_sensitive_review_required,True,contains_date|event_menu_code
P0276,P0276,Product P0276,redacted_sensitive_review_required,True,contains_date|event_menu_code|possible_private_event
P0277,P0277,Product P0277,redacted_sensitive_review_required,True,contains_date|event_menu_code
P0278,P0278,Product P0278,redacted_sensitive_review_required,True,contains_date|event_menu_code|possible_private_event
P0279,P0279,Product P0279,redacted_sensitive_review_required,True,contains_date|event_menu_code
P0280,P0280,Product P0280,redacted_sensitive_review_required,True,contains_date|event_menu_code|possible_private_event
P0281,P0281,Product P0281,redacted_sensitive_review_required,True,contains_date|event_menu_code
P0282,P0282,Product P0282,redacted_sensitive_review_required,True,contains_date|event_menu_code|possible_private_event
P0283,P0283,Product P0283,redacted_sensitive_review_required,True,contains_date|event_menu_code
P0284,P0284,Product P0284,redacted_sensitive_review_required,True,contains_date|event_menu_code
P0285,P0285,Product P0285,redacted_sensitive_review_required,True,contains_date|event_menu_code
P0286,P0286,Product P0286,redacted_sensitive_review_required,True,contains_date|event_menu_code|possible_private_event
P0287,P0287,Product P0287,redacted_sensitive_review_required,True,contains_date|event_menu_code
P0288,P0288,Product P0288,redacted_sensitive_review_required,True,contains_date|event_menu_code|possible_private_event
P0289,P0289,Product P0289,redacted_sensitive_review_required,True,contains_date|event_menu_code
P0290,P0290,Product P0290,redacted_sensitive_review_required,True,contains_date|event_menu_code|possible_private_event
P0291,P0291,Product P0291,redacted_sensitive_review_required,True,contains_date|event_menu_code
P0292,P0292,Product P0292,redacted_sensitive_review_required,True,contains_date|event_menu_code|possible_private_event
P0293,P0293,Product P0293,redacted_sensitive_review_required,True,contains_date|event_menu_code
P0294,P0294,Product P0294,redacted_sensitive_review_required,True,contains_date|event_menu_code|possible_private_event
P0295,P0295,Product P0295,redacted_sensitive_review_required,True,contains_date|event_menu_code
P0296,P0296,Product P0296,redacted_sensitive_review_required,True,contains_date|event_menu_code|possible_private_event
P0297,P0297,Product P0297,redacted_sensitive_review_required,True,contains_date|event_menu_code
P0298,P0298,Product P0298,redacted_sensitive_review_required,True,contains_date|event_menu_code|possible_private_event
P0299,P0299,Product P0299,redacted_sensitive_review_required,True,contains_date|event_menu_code
P0300,P0300,Product P0300,redacted_sensitive_review_required,True,contains_date|event_menu_code
P0301,P0301,Product P0301,redacted_sensitive_review_required,True,contains_date|event_menu_code
P0302,P0302,Product P0302,redacted_sensitive_review_required,True,contains_date|event_menu_code|possible_private_event
P0303,P0303,Product P0303,redacted_sensitive_review_required,True,contains_date|event_menu_code|possible_private_event
P0304,P0304,Product P0304,redacted_sensitive_review_required,True,contains_date|event_menu_code
P0305,P0305,Product P0305,redacted_sensitive_review_required,True,contains_date|event_menu_code
P0306,P0306,Product P0306,redacted_sensitive_review_required,True,contains_date|event_menu_code
P0307,P0307,Product P0307,redacted_sensitive_review_required,True,contains_date|event_menu_code
P0308,P0308,Product P0308,redacted_sensitive_review_required,True,contains_date|event_menu_code|possible_private_event
P0309,P0309,Product P0309,redacted_sensitive_review_required,True,contains_date|event_menu_code
P0310,P0310,Product P0310,redacted_sensitive_review_required,True,contains_date|event_menu_code
P0311,P0311,Product P0311,redacted_sensitive_review_required,True,contains_date|event_menu_code|possible_private_event
P0312,P0312,Product P0312,redacted_sensitive_review_required,True,contains_date|event_menu_code
P0313,P0313,Product P0313,redacted_sensitive_review_required,True,contains_date|event_menu_code|possible_private_event
P0314,P0314,Product P0314,redacted_sensitive_review_required,True,contains_date|event_menu_code
P0315,P0315,Product P0315,redacted_sensitive_review_required,True,contains_date|event_menu_code
P0316,P0316,Product P0316,redacted_sensitive_review_required,True,contains_date|event_menu_code
P0317,P0317,Product P0317,redacted_sensitive_review_required,True,contains_date|event_menu_code
P0318,P0318,Product P0318,redacted_sensitive_review_required,True,contains_date|event_menu_code|possible_private_event
P0319,P0319,Product P0319,redacted_sensitive_review_required,True,contains_date|event_menu_code
P0320,P0320,Product P0320,redacted_sensitive_review_required,True,contains_date|event_menu_code|possible_private_event
P0321,P0321,Product P0321,redacted_sensitive_review_required,True,contains_date|event_menu_code
P0322,P0322,Product P0322,redacted_sensitive_review_required,True,contains_date|event_menu_code|possible_private_event
P0323,P0323,Product P0323,redacted_sensitive_review_required,True,contains_date|event_menu_code
P0324,P0324,Product P0324,redacted_sensitive_review_required,True,contains_date|event_menu_code
P0325,P0325,Product P0325,redacted_sensitive_review_required,True,contains_date|event_menu_code
P0326,P0326,Product P0326,redacted_sensitive_review_required,True,contains_date|event_menu_code
P0327,P0327,Product P0327,redacted_sensitive_review_required,True,contains_date|event_menu_code|possible_private_event
P0328,P0328,Product P0328,redacted_sensitive_review_required,True,contains_date|event_menu_code
P0329,P0329,Product P0329,redacted_sensitive_review_required,True,contains_date|event_menu_code
P0330,P0330,Product P0330,redacted_sensitive_review_required,True,event_menu_code|possible_private_event
P0331,P0331,Product P0331,redacted_sensitive_review_required,True,contains_date|event_menu_code
P0332,P0332,Product P0332,redacted_sensitive_review_required,True,contains_date|event_menu_code
P0333,P0333,Product P0333,redacted_sensitive_review_required,True,contains_date|event_menu_code
P0334,P0334,Product P0334,redacted_sensitive_review_required,True,contains_date|event_menu_code|possible_private_event
P0335,P0335,Product P0335,redacted_sensitive_review_required,True,contains_date|event_menu_code
P0336,P0336,Product P0336,redacted_sensitive_review_required,True,contains_date|event_menu_code
P0337,P0337,Product P0337,redacted_sensitive_review_required,True,contains_date|event_menu_code|possible_private_event
P0338,P0338,Product P0338,redacted_sensitive_review_required,True,contains_date|event_menu_code
P0339,P0339,Product P0339,redacted_sensitive_review_required,True,contains_date|event_menu_code|possible_private_event
P0340,P0340,Product P0340,redacted_sensitive_review_required,True,contains_date|event_menu_code
P0341,P0341,Product P0341,redacted_sensitive_review_required,True,contains_date|event_menu_code|possible_private_event
P0342,P0342,Product P0342,redacted_sensitive_review_required,True,contains_date|event_menu_code
P0343,P0343,Product P0343,redacted_sensitive_review_required,True,contains_date|event_menu_code|possible_private_event
P0344,P0344,Product P0344,redacted_sensitive_review_required,True,contains_date|event_menu_code|possible_private_event
P0345,P0345,Product P0345,redacted_sensitive_review_required,True,contains_date|event_menu_code
P0346,P0346,Product P0346,redacted_sensitive_review_required,True,contains_date|event_menu_code|possible_private_event
P0347,P0347,Product P0347,redacted_sensitive_review_required,True,contains_date|event_menu_code
P0348,P0348,Product P0348,redacted_sensitive_review_required,True,contains_date|event_menu_code
P0349,P0349,Product P0349,redacted_sensitive_review_required,True,contains_date|event_menu_code
P0350,P0350,Product P0350,redacted_sensitive_review_required,True,contains_date|event_menu_code|possible_private_event
P0351,P0351,Product P0351,redacted_sensitive_review_required,True,contains_date|event_menu_code
P0352,P0352,Product P0352,redacted_sensitive_review_required,True,contains_date|event_menu_code|possible_private_event
P0353,P0353,Product P0353,redacted_sensitive_review_required,True,contains_date|event_menu_code
P0354,P0354,Product P0354,redacted_sensitive_review_required,True,contains_date|event_menu_code
P0355,P0355,Product P0355,redacted_sensitive_review_required,True,contains_date|event_menu_code|possible_private_event
P0356,P0356,Product P0356,redacted_sensitive_review_required,True,contains_date|event_menu_code
P0357,P0357,Product P0357,redacted_sensitive_review_required,True,contains_date|event_menu_code
P0358,P0358,Product P0358,redacted_sensitive_review_required,True,contains_date|event_menu_code
P0359,P0359,Product P0359,redacted_sensitive_review_required,True,contains_date|event_menu_code
P0360,P0360,Product P0360,redacted_sensitive_review_required,True,contains_date|event_menu_code
P0361,P0361,Product P0361,redacted_sensitive_review_required,True,contains_date|event_menu_code|possible_private_event
P0362,P0362,Product P0362,redacted_sensitive_review_required,True,contains_date|event_menu_code|possible_private_event
P0363,P0363,Product P0363,redacted_sensitive_review_required,True,contains_date|event_menu_code
P0364,P0364,Product P0364,redacted_sensitive_review_required,True,contains_date|event_menu_code|possible_private_event
P0365,P0365,Product P0365,redacted_sensitive_review_required,True,contains_date|event_menu_code
P0366,P0366,Product P0366,redacted_sensitive_review_required,True,contains_date|event_menu_code
P0367,P0367,Product P0367,redacted_sensitive_review_required,True,contains_date|event_menu_code|possible_private_event
P0368,P0368,Product P0368,redacted_sensitive_review_required,True,contains_date|event_menu_code
P0369,P0369,Product P0369,redacted_sensitive_review_required,True,contains_date|event_menu_code
P0370,P0370,Product P0370,redacted_sensitive_review_required,True,contains_date|event_menu_code|possible_private_event
P0371,P0371,Product P0371,redacted_sensitive_review_required,True,contains_date|event_menu_code
P0372,P0372,Product P0372,redacted_sensitive_review_required,True,contains_date|event_menu_code|possible_private_event
P0373,P0373,Product P0373,redacted_sensitive_review_required,True,contains_date|event_menu_code
P0374,P0374,Product P0374,redacted_sensitive_review_required,True,contains_date|event_menu_code
P0375,P0375,Product P0375,redacted_sensitive_review_required,True,contains_date|event_menu_code|possible_private_event
P0376,P0376,Product P0376,redacted_sensitive_review_required,True,contains_date|event_menu_code
P0377,P0377,Product P0377,redacted_sensitive_review_required,True,contains_date|event_menu_code|possible_private_event
P0378,P0378,Product P0378,redacted_sensitive_review_required,True,contains_date|event_menu_code
P0379,P0379,Product P0379,redacted_sensitive_review_required,True,contains_date|event_menu_code|possible_private_event
P0380,P0380,Product P0380,redacted_sensitive_review_required,True,contains_date|event_menu_code
P0381,P0381,Product P0381,redacted_sensitive_review_required,True,contains_date|event_menu_code
P0382,P0382,Product P0382,redacted_sensitive_review_required,True,contains_date|event_menu_code|possible_private_event
P0383,P0383,Product P0383,redacted_sensitive_review_required,True,contains_date|event_menu_code
P0384,P0384,Product P0384,redacted_sensitive_review_required,True,contains_date|event_menu_code
P0385,P0385,Product P0385,redacted_sensitive_review_required,True,contains_date|event_menu_code
P0386,P0386,Product P0386,redacted_sensitive_review_required,True,contains_date|event_menu_code
P0387,P0387,Product P0387,redacted_sensitive_review_required,True,contains_date|event_menu_code
P0388,P0388,Product P0388,redacted_sensitive_review_required,True,contains_date|event_menu_code
P0389,P0389,Product P0389,redacted_sensitive_review_required,True,contains_date|event_menu_code|possible_private_event
P0390,P0390,Product P0390,redacted_sensitive_review_required,True,contains_date|event_menu_code
P0391,P0391,Product P0391,redacted_sensitive_review_required,True,contains_date|event_menu_code|possible_private_event
P0392,P0392,Product P0392,redacted_sensitive_review_required,True,contains_date|event_menu_code
P0393,P0393,Product P0393,redacted_sensitive_review_required,True,contains_date|event_menu_code
P0394,P0394,Product P0394,redacted_sensitive_review_required,True,contains_date|event_menu_code
P0395,P0395,Product P0395,redacted_sensitive_review_required,True,contains_date|event_menu_code
P0396,P0396,Product P0396,redacted_sensitive_review_required,True,contains_date|event_menu_code|possible_private_event
P0397,P0397,Product P0397,redacted_sensitive_review_required,True,contains_date|event_menu_code|possible_private_event
P0398,P0398,Product P0398,redacted_sensitive_review_required,True,contains_date|event_menu_code|possible_private_event
P0399,P0399,Product P0399,redacted_sensitive_review_required,True,contains_date|event_menu_code
P0400,P0400,Product P0400,redacted_sensitive_review_required,True,contains_date|event_menu_code
P0401,P0401,Product P0401,redacted_sensitive_review_required,True,contains_date|event_menu_code|possible_private_event
P0402,P0402,Product P0402,redacted_sensitive_review_required,True,contains_date|event_menu_code
P0403,P0403,Product P0403,redacted_sensitive_review_required,True,contains_date|event_menu_code
P0404,P0404,Product P0404,redacted_sensitive_review_required,True,contains_date|event_menu_code
P0405,P0405,Product P0405,redacted_sensitive_review_required,True,contains_date|event_menu_code|possible_private_event
P0406,P0406,Product P0406,redacted_sensitive_review_required,True,contains_date|event_menu_code
P0407,P0407,Product P0407,redacted_sensitive_review_required,True,contains_date|event_menu_code|possible_private_event
P0408,P0408,Product P0408,redacted_sensitive_review_required,True,contains_date|event_menu_code|possible_private_event
P0409,P0409,Product P0409,redacted_sensitive_review_required,True,contains_date|event_menu_code
P0410,P0410,Product P0410,redacted_sensitive_review_required,True,contains_date|event_menu_code|possible_private_event
P0411,P0411,Product P0411,redacted_sensitive_review_required,True,contains_date|event_menu_code|possible_private_event
P0412,P0412,Product P0412,redacted_sensitive_review_required,True,contains_date|event_menu_code|possible_private_event
P0413,P0413,Product P0413,redacted_sensitive_review_required,True,contains_date|event_menu_code|possible_private_event
P0414,P0414,Product P0414,redacted_sensitive_review_required,True,contains_date|event_menu_code
P0415,P0415,Product P0415,redacted_sensitive_review_required,True,contains_date|event_menu_code
P0416,P0416,Product P0416,redacted_sensitive_review_required,True,contains_date|event_menu_code|possible_private_event
P0417,P0417,Product P0417,redacted_sensitive_review_required,True,contains_date|event_menu_code
P0418,P0418,Product P0418,redacted_sensitive_review_required,True,contains_date|event_menu_code|possible_private_event
P0419,P0419,Product P0419,redacted_sensitive_review_required,True,contains_date|event_menu_code|possible_private_event
P0420,P0420,Product P0420,redacted_sensitive_review_required,True,contains_date|event_menu_code|possible_private_event
P0421,P0421,Product P0421,redacted_sensitive_review_required,True,contains_date|event_menu_code|possible_private_event
P0422,P0422,Product P0422,redacted_sensitive_review_required,True,contains_date|event_menu_code
P0423,P0423,Product P0423,redacted_sensitive_review_required,True,contains_date|event_menu_code
P0424,P0424,Product P0424,redacted_sensitive_review_required,True,contains_date|event_menu_code|possible_private_event
P0425,P0425,Product P0425,redacted_sensitive_review_required,True,contains_date|event_menu_code
P0426,P0426,Product P0426,redacted_sensitive_review_required,True,contains_date|event_menu_code
P0427,P0427,Product P0427,redacted_sensitive_review_required,True,contains_date|event_menu_code|possible_private_event
P0428,P0428,Product P0428,redacted_sensitive_review_required,True,contains_date|event_menu_code
P0429,P0429,Product P0429,redacted_sensitive_review_required,True,contains_date|event_menu_code|possible_private_event
P0430,P0430,Product P0430,redacted_sensitive_review_required,True,contains_date|event_menu_code
P0431,P0431,Product P0431,redacted_sensitive_review_required,True,contains_date|event_menu_code|possible_private_event
P0432,P0432,Product P0432,redacted_sensitive_review_required,True,contains_date|event_menu_code
P0433,P0433,Product P0433,redacted_sensitive_review_required,True,contains_date|event_menu_code|possible_private_event
P0434,P0434,Product P0434,redacted_sensitive_review_required,True,contains_date|event_menu_code|possible_private_event
P0435,P0435,Product P0435,redacted_sensitive_review_required,True,contains_date|event_menu_code
P0436,P0436,Product P0436,redacted_sensitive_review_required,True,contains_date|event_menu_code|possible_private_event
P0437,P0437,Product P0437,redacted_sensitive_review_required,True,contains_date|event_menu_code
P0438,P0438,Product P0438,redacted_sensitive_review_required,True,contains_date|event_menu_code
P0439,P0439,Product P0439,redacted_sensitive_review_required,True,contains_date|event_menu_code|possible_private_event
P0440,P0440,Product P0440,redacted_sensitive_review_required,True,contains_date|event_menu_code
P0441,P0441,Product P0441,redacted_sensitive_review_required,True,contains_date|event_menu_code
P0442,P0442,Product P0442,redacted_sensitive_review_required,True,contains_date|event_menu_code|possible_private_event
P0443,P0443,Product P0443,redacted_sensitive_review_required,True,contains_date|event_menu_code|possible_private_event
P0444,P0444,Product P0444,redacted_sensitive_review_required,True,contains_date|event_menu_code
P0445,P0445,Product P0445,redacted_sensitive_review_required,True,contains_date|event_menu_code
P0446,P0446,Product P0446,redacted_sensitive_review_required,True,contains_date|event_menu_code
P0447,P0447,Product P0447,redacted_sensitive_review_required,True,contains_date|event_menu_code
P0448,P0448,Product P0448,redacted_sensitive_review_required,True,contains_date|event_menu_code|possible_private_event
P0449,P0449,Product P0449,redacted_sensitive_review_required,True,contains_date|event_menu_code
P0450,P0450,Product P0450,redacted_sensitive_review_required,True,contains_date|event_menu_code
P0451,P0451,Product P0451,redacted_sensitive_review_required,True,contains_date|event_menu_code|possible_private_event
P0452,P0452,Product P0452,redacted_sensitive_review_required,True,contains_date|event_menu_code
P0453,P0453,Product P0453,redacted_sensitive_review_required,True,contains_date|event_menu_code
P0454,P0454,Product P0454,redacted_sensitive_review_required,True,contains_date|event_menu_code
P0455,P0455,Product P0455,redacted_sensitive_review_required,True,contains_date|event_menu_code
P0456,P0456,Product P0456,redacted_sensitive_review_required,True,contains_date|event_menu_code
P0457,P0457,Product P0457,redacted_sensitive_review_required,True,contains_date|event_menu_code|possible_private_event
P0458,P0458,Product P0458,redacted_sensitive_review_required,True,contains_date|event_menu_code
P0459,P0459,Product P0459,redacted_sensitive_review_required,True,contains_date|event_menu_code
P0460,P0460,Product P0460,redacted_sensitive_review_required,True,contains_date|event_menu_code
P0461,P0461,Product P0461,redacted_sensitive_review_required,True,contains_date|event_menu_code|possible_private_event
P0462,P0462,Product P0462,redacted_sensitive_review_required,True,contains_date|event_menu_code
P0463,P0463,Product P0463,redacted_sensitive_review_required,True,contains_date|event_menu_code
P0464,P0464,Product P0464,redacted_sensitive_review_required,True,contains_date|event_menu_code|possible_private_event
P0465,P0465,Product P0465,redacted_sensitive_review_required,True,contains_date|event_menu_code|possible_private_event
P0466,P0466,Product P0466,redacted_sensitive_review_required,True,contains_date|event_menu_code
P0467,P0467,Product P0467,redacted_sensitive_review_required,True,contains_date|event_menu_code
P0468,P0468,Product P0468,redacted_sensitive_review_required,True,contains_date|event_menu_code|possible_private_event
P0469,P0469,Product P0469,redacted_sensitive_review_required,True,contains_date|event_menu_code
P0470,P0470,Product P0470,redacted_sensitive_review_required,True,contains_date|event_menu_code
P0471,P0471,Product P0471,redacted_sensitive_review_required,True,contains_date|event_menu_code|possible_private_event
P0472,P0472,Product P0472,redacted_sensitive_review_required,True,contains_date|event_menu_code
P0473,P0473,Product P0473,redacted_sensitive_review_required,True,contains_date|event_menu_code
P0474,P0474,Product P0474,redacted_sensitive_review_required,True,contains_date|event_menu_code|possible_private_event
P0475,P0475,Product P0475,redacted_sensitive_review_required,True,contains_date|event_menu_code
P0476,P0476,Product P0476,redacted_sensitive_review_required,True,contains_date|event_menu_code
P0477,P0477,Product P0477,redacted_sensitive_review_required,True,contains_date|event_menu_code|possible_private_event
P0478,P0478,Product P0478,redacted_sensitive_review_required,True,contains_date|event_menu_code
P0479,P0479,Product P0479,redacted_sensitive_review_required,True,contains_date|event_menu_code|possible_private_event
P0480,P0480,Product P0480,translation_pending,False,
P0481,P0481,Product P0481,translation_pending,False,
P0482,P0482,Product P0482,translation_pending,False,
P0483,P0483,Product P0483,translation_pending,False,
P0484,P0484,Product P0484,redacted_sensitive_review_required,True,contains_date|event_menu_code
P0485,P0485,Product P0485,redacted_sensitive_review_required,True,contains_date|event_menu_code
P0486,P0486,Product P0486,redacted_sensitive_review_required,True,contains_date|event_menu_code|possible_private_event
P0487,P0487,Product P0487,redacted_sensitive_review_required,True,contains_date|event_menu_code|possible_private_event
P0488,P0488,Product P0488,redacted_sensitive_review_required,True,contains_date|event_menu_code
P0489,P0489,Product P0489,redacted_sensitive_review_required,True,event_menu_code
P0490,P0490,Product P0490,redacted_sensitive_review_required,True,event_menu_code
P0491,P0491,Product P0491,redacted_sensitive_review_required,True,event_menu_code
P0492,P0492,Product P0492,redacted_sensitive_review_required,True,event_menu_code
P0493,P0493,Product P0493,redacted_sensitive_review_required,True,event_menu_code
P0494,P0494,Product P0494,redacted_sensitive_review_required,True,contains_date|event_menu_code
P0495,P0495,Product P0495,redacted_sensitive_review_required,True,contains_date|event_menu_code
P0496,P0496,Product P0496,redacted_sensitive_review_required,True,contains_date|event_menu_code|possible_private_event
P0497,P0497,Product P0497,redacted_sensitive_review_required,True,contains_date|event_menu_code
P0498,P0498,Product P0498,redacted_sensitive_review_required,True,contains_date|event_menu_code
P0499,P0499,Product P0499,redacted_sensitive_review_required,True,contains_date|event_menu_code
P0500,P0500,Product P0500,redacted_sensitive_review_required,True,event_menu_code
P0501,P0501,Product P0501,redacted_sensitive_review_required,True,event_menu_code
P0502,P0502,Product P0502,redacted_sensitive_review_required,True,event_menu_code
P0503,P0503,Product P0503,redacted_sensitive_review_required,True,contains_date|event_menu_code
P0504,P0504,Product P0504,redacted_sensitive_review_required,True,contains_date|event_menu_code
P0505,P0505,Product P0505,redacted_sensitive_review_required,True,contains_date|event_menu_code
P0506,P0506,Product P0506,redacted_sensitive_review_required,True,contains_date|event_menu_code
P0507,P0507,Product P0507,redacted_sensitive_review_required,True,contains_date|event_menu_code
P0508,P0508,Product P0508,redacted_sensitive_review_required,True,contains_date|event_menu_code
P0509,P0509,Product P0509,redacted_sensitive_review_required,True,contains_date|event_menu_code|possible_private_event
P0510,P0510,Product P0510,redacted_sensitive_review_required,True,event_menu_code
P0511,P0511,Product P0511,redacted_sensitive_review_required,True,event_menu_code
P0512,P0512,Product P0512,redacted_sensitive_review_required,True,event_menu_code
P0513,P0513,Product P0513,redacted_sensitive_review_required,True,event_menu_code
P0514,P0514,Product P0514,redacted_sensitive_review_required,True,event_menu_code
P0515,P0515,Product P0515,redacted_sensitive_review_required,True,event_menu_code
P0516,P0516,Product P0516,redacted_sensitive_review_required,True,event_menu_code
P0517,P0517,Product P0517,redacted_sensitive_review_required,True,event_menu_code
P0518,P0518,Product P0518,redacted_sensitive_review_required,True,event_menu_code
P0519,P0519,Product P0519,redacted_sensitive_review_required,True,event_menu_code
P0520,P0520,Product P0520,redacted_sensitive_review_required,True,event_menu_code
P0521,P0521,Product P0521,redacted_sensitive_review_required,True,event_menu_code
P0522,P0522,Product P0522,redacted_sensitive_review_required,True,event_menu_code
P0523,P0523,Product P0523,translation_pending,False,
P0524,P0524,Product P0524,translation_pending,False,
P0525,P0525,Product P0525,translation_pending,False,
P0526,P0526,Product P0526,translation_pending,False,
P0527,P0527,Product P0527,translation_pending,False,
P0528,P0528,Product P0528,translation_pending,False,
P0529,P0529,Product P0529,translation_pending,False,
P0530,P0530,Product P0530,translation_pending,False,
P0531,P0531,Product P0531,translation_pending,False,
P0532,P0532,Product P0532,translation_pending,False,
P0533,P0533,Product P0533,translation_pending,False,
P0534,P0534,Product P0534,translation_pending,False,
P0535,P0535,"Grilled minced-meat rolls with mustard, 40/20/30 g",reviewed,False,
P0536,P0536,Product P0536,translation_pending,False,
P0537,P0537,Product P0537,translation_pending,False,
P0538,P0538,Product P0538,translation_pending,False,
P0539,P0539,Product P0539,translation_pending,False,
P0540,P0540,Product P0540,translation_pending,False,
P0541,P0541,Product P0541,translation_pending,False,
P0542,P0542,Product P0542,translation_pending,False,
P0543,P0543,Product P0543,translation_pending,False,
P0544,P0544,Product P0544,translation_pending,False,
P0545,P0545,Product P0545,translation_pending,False,
P0546,P0546,Product P0546,translation_pending,False,
P0547,P0547,Product P0547,translation_pending,False,
P0548,P0548,Product P0548,translation_pending,False,
P0549,P0549,Product P0549,translation_pending,False,
P0550,P0550,Product P0550,translation_pending,False,
P0551,P0551,Product P0551,translation_pending,False,
P0552,P0552,Product P0552,translation_pending,False,
P0553,P0553,Product P0553,translation_pending,False,
P0554,P0554,Product P0554,translation_pending,False,
P0555,P0555,Product P0555,translation_pending,False,
P0556,P0556,Product P0556,translation_pending,False,
P0557,P0557,Product P0557,translation_pending,False,
P0558,P0558,Product P0558,translation_pending,False,
P0559,P0559,Product P0559,redacted_sensitive_review_required,True,possible_private_event
P0560,P0560,Product P0560,redacted_sensitive_review_required,True,possible_private_event
P0561,P0561,Product P0561,redacted_sensitive_review_required,True,possible_private_event
P0562,P0562,Product P0562,redacted_sensitive_review_required,True,possible_private_event
P0563,P0563,Product P0563,redacted_sensitive_review_required,True,possible_private_event
P0564,P0564,Product P0564,redacted_sensitive_review_required,True,possible_private_event
P0565,P0565,Product P0565,redacted_sensitive_review_required,True,possible_private_event
P0566,P0566,Product P0566,translation_pending,False,
P0567,P0567,"Fried Romanian cheese doughnuts, 180 g",reviewed,False,
P0568,P0568,Product P0568,translation_pending,False,
P0569,P0569,Product P0569,translation_pending,False,
P0570,P0570,Product P0570,translation_pending,False,
P0571,P0571,Product P0571,translation_pending,False,
P0572,P0572,"Medium Capricciosa pizza, 550 g",reviewed,False,
P0573,P0573,Product P0573,translation_pending,False,
P0574,P0574,Product P0574,translation_pending,False,
P0575,P0575,Product P0575,translation_pending,False,
P0576,P0576,Product P0576,translation_pending,False,
P0577,P0577,Product P0577,translation_pending,False,
P0578,P0578,Product P0578,translation_pending,False,
P0579,P0579,Product P0579,translation_pending,False,
P0580,P0580,Product P0580,translation_pending,False,
P0581,P0581,Product P0581,translation_pending,False,
P0582,P0582,Product P0582,translation_pending,False,
P0583,P0583,Product P0583,translation_pending,False,
P0584,P0584,Product P0584,translation_pending,False,
P0585,P0585,Product P0585,translation_pending,False,
P0586,P0586,Product P0586,translation_pending,False,
P0587,P0587,Product P0587,translation_pending,False,
P0588,P0588,Product P0588,translation_pending,False,
P0589,P0589,Product P0589,translation_pending,False,
P0590,P0590,Product P0590,translation_pending,False,
P0591,P0591,Product P0591,translation_pending,False,
P0592,P0592,Product P0592,translation_pending,False,
P0593,P0593,Product P0593,translation_pending,False,
P0594,P0594,Product P0594,translation_pending,False,
P0595,P0595,Product P0595,translation_pending,False,
P0596,P0596,Product P0596,translation_pending,False,
P0597,P0597,"Assorted pickled vegetables, 180 g",reviewed,False,
P0598,P0598,Product P0598,translation_pending,False,
P0599,P0599,Product P0599,translation_pending,False,
P0600,P0600,Product P0600,translation_pending,False,
P0601,P0601,Cornflake-crusted pike-perch with potatoes and sauce,reviewed,False,
P0602,P0602,Product P0602,translation_pending,False,
P0603,P0603,Product P0603,translation_pending,False,
P0604,P0604,Product P0604,translation_pending,False,
P0605,P0605,Product P0605,translation_pending,False,
P0606,P0606,Product P0606,translation_pending,False,
P0607,P0607,Product P0607,translation_pending,False,
P0608,P0608,Product P0608,translation_pending,False,
P0609,P0609,Product P0609,translation_pending,False,
P0610,P0610,Product P0610,translation_pending,False,
P0611,P0611,Product P0611,translation_pending,False,
P0612,P0612,"Sour cream, 50 g",reviewed,False,
P0613,P0613,Product P0613,translation_pending,False,
P0614,P0614,Product P0614,translation_pending,False,
P0615,P0615,Product P0615,translation_pending,False,
P0616,P0616,Product P0616,translation_pending,False,
P0617,P0617,Product P0617,translation_pending,False,
P0618,P0618,Product P0618,translation_pending,False,
P0619,P0619,Product P0619,translation_pending,False,
P0620,P0620,Product P0620,translation_pending,False,
P0621,P0621,Product P0621,translation_pending,False,
P0622,P0622,Product P0622,translation_pending,False,
P0623,P0623,Product P0623,translation_pending,False,
P0624,P0624,Product P0624,translation_pending,False,
P0625,P0625,Product P0625,translation_pending,False,
P0626,P0626,Product P0626,translation_pending,False,
P0627,P0627,"Chicken breast strips, 200 g",reviewed,False,
P0628,P0628,Product P0628,translation_pending,False,
P0629,P0629,Product P0629,translation_pending,False,
P0630,P0630,Product P0630,translation_pending,False,
P0631,P0631,Product P0631,translation_pending,False,
P0632,P0632,Product P0632,translation_pending,False,
P0633,P0633,Product P0633,translation_pending,False,
P0634,P0634,Product P0634,translation_pending,False,
P0635,P0635,Product P0635,translation_pending,False,
P0636,P0636,Product P0636,translation_pending,False,
P0637,P0637,Product P0637,translation_pending,False,
P0638,P0638,Product P0638,translation_pending,False,
P0639,P0639,Product P0639,translation_pending,False,
P0640,P0640,Product P0640,translation_pending,False,
P0641,P0641,Product P0641,translation_pending,False,
P0642,P0642,Product P0642,translation_pending,False,
P0643,P0643,Product P0643,translation_pending,False,
P0644,P0644,Product P0644,translation_pending,False,
P0645,P0645,Product P0645,translation_pending,False,
P0646,P0646,Product P0646,translation_pending,False,
P0647,P0647,Product P0647,translation_pending,False,
P0648,P0648,Product P0648,translation_pending,False,
P0649,P0649,Product P0649,translation_pending,False,
P0650,P0650,Product P0650,translation_pending,False,
P0651,P0651,Product P0651,translation_pending,False,
P0652,P0652,Product P0652,translation_pending,False,
P0653,P0653,Product P0653,translation_pending,False,
P0654,P0654,Product P0654,translation_pending,False,
P0655,P0655,Product P0655,translation_pending,False,
P0656,P0656,Product P0656,translation_pending,False,
P0657,P0657,Product P0657,translation_pending,False,
P0658,P0658,Product P0658,translation_pending,False,
P0659,P0659,Product P0659,translation_pending,False,
P0660,P0660,Product P0660,translation_pending,False,
P0661,P0661,Product P0661,translation_pending,False,
P0662,P0662,Product P0662,translation_pending,False,
P0663,P0663,Product P0663,translation_pending,False,
P0664,P0664,Product P0664,translation_pending,False,
P0665,P0665,Product P0665,translation_pending,False,
P0666,P0666,Product P0666,translation_pending,False,
P0667,P0667,Product P0667,translation_pending,False,
P0668,P0668,Product P0668,translation_pending,False,
P0669,P0669,Product P0669,translation_pending,False,
P0670,P0670,Product P0670,translation_pending,False,
P0671,P0671,Product P0671,translation_pending,False,
P0672,P0672,Product P0672,translation_pending,False,
P0673,P0673,Product P0673,translation_pending,False,
P0674,P0674,Product P0674,translation_pending,False,
P0675,P0675,Product P0675,translation_pending,False,
P0676,P0676,Product P0676,translation_pending,False,
P0677,P0677,Product P0677,translation_pending,False,
P0678,P0678,Product P0678,translation_pending,False,
P0679,P0679,Product P0679,translation_pending,False,
P0680,P0680,Product P0680,translation_pending,False,
P0681,P0681,Product P0681,translation_pending,False,
P0682,P0682,Product P0682,translation_pending,False,
P0683,P0683,Product P0683,translation_pending,False,
P0684,P0684,Product P0684,translation_pending,False,
P0685,P0685,Product P0685,translation_pending,False,
P0686,P0686,Product P0686,translation_pending,False,
P0687,P0687,Product P0687,translation_pending,False,
P0688,P0688,Product P0688,translation_pending,False,
P0689,P0689,Product P0689,translation_pending,False,
P0690,P0690,Product P0690,translation_pending,False,
P0691,P0691,Product P0691,translation_pending,False,
P0692,P0692,Product P0692,translation_pending,False,
P0693,P0693,Product P0693,translation_pending,False,
P0694,P0694,Product P0694,translation_pending,False,
P0695,P0695,Product P0695,translation_pending,False,
P0696,P0696,Product P0696,translation_pending,False,
P0697,P0697,Product P0697,translation_pending,False,
P0698,P0698,Product P0698,translation_pending,False,
P0699,P0699,Product P0699,translation_pending,False,
P0700,P0700,Product P0700,translation_pending,False,
P0701,P0701,Product P0701,translation_pending,False,
P0702,P0702,Product P0702,translation_pending,False,
P0703,P0703,Product P0703,translation_pending,False,
P0704,P0704,Product P0704,translation_pending,False,
P0705,P0705,Product P0705,translation_pending,False,
P0706,P0706,Product P0706,translation_pending,False,
P0707,P0707,Product P0707,translation_pending,False,
P0708,P0708,Product P0708,translation_pending,False,
P0709,P0709,Product P0709,translation_pending,False,
P0710,P0710,Product P0710,translation_pending,False,
